name,address,url,rating,rating_count,phone,image,district
å‰æ˜ŒèŠ±åŠ JC Florist,æ–°æµ·è·¯99è™Ÿ,https://www.google.com/maps/place/%E5%90%89%E6%98%8C%E8%8A%B1%E5%9D%8A+JC+Florist/data=!4m7!3m6!1s0x3442a81115feca6b:0xf2be4088fe7ff0c6!8m2!3d25.02242!4d121.4612513!16s%2Fg%2F12m94xbh_!19sChIJa8r-FRGoQjQRxvB__ohAvvI?authuser=0&hl=zh-TW&rclk=1,4.9,575,02 2255 9388,https://lh3.googleusercontent.com/p/AF1QipM2xMZLedNEAAEtZhYoDhLptLkqSg0myBXWZkoN=w80-h106-k-no,æ–°åŒ—å¸‚æ¿æ©‹å€
é›…è±èŠ±è‹‘,ä¸­æ­£è·¯236å··9è™Ÿ,https://www.google.com/maps/place/%E9%9B%85%E8%90%B1%E8%8A%B1%E8%8B%91/data=!4m7!3m6!1s0x3442a91b7a10fe91:0xb07e1bfba3dfe647!8m2!3d25.0191949!4d121.4562618!16s%2Fg%2F11jgxm9p32!19sChIJkf4QehupQjQRR-bfo_sbfrA?authuser=0&hl=zh-TW&rclk=1,4.8,10,02 2968 1531,https://lh3.googleusercontent.com/gps-cs-s/AG0ilSwoQYUfUlYus7EUAJwIFQI_s-UiWl56r9lkiLFiQKiiQGlBWqeXhYmtz7N8MHgk_qLvx_Ubn9ozTfsHYe3zTNpwox4DpmcoSOc6HKP7inWi0xN4XZ01s_56-vMVTCwWpB39mJ3f=w80-h106-k-no,æ–°åŒ—å¸‚æ¿æ©‹å€
WAORA å¨ƒæ­æ‹‰èŠ±æ‰€ï½œæ–°åŒ—æ¿æ©‹æ»¿å¤©æ˜ŸèŠ±æŸã€æ°¸ç”ŸèŠ±åº—,æ–°æµ·è·¯135å··27è™Ÿ,https://www.google.com/maps/place/WAORA+%E5%A8%83%E6%AD%90%E6%8B%89%E8%8A%B1%E6%89%80%EF%BD%9C%E6%96%B0%E5%8C%97%E6%9D%BF%E6%A9%8B%E6%BB%BF%E5%A4%A9%E6%98%9F%E8%8A%B1%E6%9D%9F%E3%80%81%E6%B0%B8%E7%94%9F%E8%8A%B1%E5%BA%97/data=!4m7!3m6!1s0x3442a9738bd03fd9:0xb971b6090c4429de!8m2!3d25.0230537!4d121.4602286!16s%2Fg%2F11yh4dzqtt!19sChIJ2T_Qi3OpQjQR3ilEDAm2cbk?authuser=0&hl=zh-TW&rclk=1,5,24,,https://lh3.googleusercontent.com/gps-cs-s/AG0ilSzV7C9sFDaqMfQFOpwNhLW1DJuBZTXvRRhHWXq-0MFg3uPfgF0NuojCargo6EreltPlZSfyR3kDkqKQZU7GQHUU_7pAud99BuSvxQnuGAGDdDjyAkg1DbntuBMVOIZVwDhacg-hyp5qA8tS=w80-h106-k-no,æ–°åŒ—å¸‚æ¿æ©‹å€
è‡»èŠ±åŠ,æ–°æµ·è·¯8è™Ÿ,https://www.google.com/maps/place/%E8%87%BB%E8%8A%B1%E5%9D%8A/data=!4m7!3m6!1s0x3442a810d4e3b50f:0x2361f28ee287d13!8m2!3d25.0209119!4d121.4626399!16s%2Fg%2F12m99_51k!19sChIJD7Xj1BCoQjQRE30o7igfNgI?authuser=0&hl=zh-TW&rclk=1,4,14,02 2257 7384,https://lh3.googleusercontent.com/gps-cs-s/AG0ilSwjMHUnLN5EaGQ7kKubUxbtyfEfIu58OEF2oosseHZORwm7Njy2-X18Fq45nS3ba5Kjus8rEk4WPFtCpDW73XowjfDyAzNx05b8mTICEevmkjkFrzMPzpIOsUYkMpvQclCriPN4=w122-h92-k-no,æ–°åŒ—å¸‚æ¿æ©‹å€
å‡±æ¨‚è’‚æ‰‹ä½œè—è¡“åŠ/ä¸å‡‹èŠ±ä¹¾ç‡¥èŠ±æ‰‹ä½œ,æ–°æµ·è·¯18è™Ÿ,https://www.google.com/maps/place/%E5%87%B1%E6%A8%82%E8%92%82%E6%89%8B%E4%BD%9C%E8%97%9D%E8%A1%93%E5%9D%8A%2F%E4%B8%8D%E5%87%8B%E8%8A%B1%E4%B9%BE%E7%87%A5%E8%8A%B1%E6%89%8B%E4%BD%9C/data=!4m7!3m6!1s0x3442a92efeb4bb9b:0xac5e5e94f68b210a!8m2!3d25.0209933!4d121.462515!16s%2Fg%2F11tx5c9h8g!19sChIJm7u0_i6pQjQRCiGL9pReXqw?authuser=0&hl=zh-TW&rclk=1,5,7,,https://lh3.googleusercontent.com/gps-cs-s/AG0ilSwzmLnRpqMu-ifr78FdjGDdqOyUy3G7x04mvvSNXxlE11WePDagzi2wpbTLQDKbouq1baX872GUMr0v9pS6YXrefEdqX9RSyouf5bmszf3SoMJ1XuxTy9TOrUnUJT6rH0d6wSy_=w80-h106-k-no,æ–°åŒ—å¸‚æ¿æ©‹å€
Jennifer flower æ–°åŒ—æ¿æ©‹åº— 24å°æ™‚ è‡ªåŠ©è³¼ç‰©ï½œæ°¸ç”ŸèŠ±åº—ï½œé¦™çš‚èŠ±åº—ï½œæµªæ¼«ï¼ˆæ°£çƒã€å©šæ…¶ï¼‰ä½ˆç½®,è‹±å£«è·¯58å··38è™Ÿ,https://www.google.com/maps/place/Jennifer+flower+%E6%96%B0%E5%8C%97%E6%9D%BF%E6%A9%8B%E5%BA%97+24%E5%B0%8F%E6%99%82+%E8%87%AA%E5%8A%A9%E8%B3%BC%E7%89%A9%EF%BD%9C%E6%B0%B8%E7%94%9F%E8%8A%B1%E5%BA%97%EF%BD%9C%E9%A6%99%E7%9A%82%E8%8A%B1%E5%BA%97%EF%BD%9C%E6%B5%AA%E6%BC%AB%EF%BC%88%E6%B0%A3%E7%90%83%E3%80%81%E5%A9%9A%E6%85%B6%EF%BC%89%E4%BD%88%E7%BD%AE/data=!4m7!3m6!1s0x3442a9385d8fa939:0x875737d72334ffbf!8m2!3d25.0258119!4d121.4603401!16s%2Fg%2F11x2kjydh7!19sChIJOamPXTipQjQRv_80I9c3V4c?authuser=0&hl=zh-TW&rclk=1,5,1108,,https://lh3.googleusercontent.com/p/AF1QipMsKL3PrzEHrrJjDNzGYmui9AHGSMflghXKq0-c=w80-h142-k-no,æ–°åŒ—å¸‚æ¿æ©‹å€
å‘æ—¥è‘µèŠ±è—åŠ(æ¿æ©‹èŠ±å¸‚71è™Ÿåº—)-æ±‚å©šèŠ±æŸè¨‚è³¼|é–‹å¹•èŠ±å¤–é€|ä¹¾ç‡¥èŠ±|æ§èŠ±è¨‚è£½|èŠ±åº—æ¨è–¦|ç•¢æ¥­èŠ±æŸ|æ°¸ç”ŸèŠ±èª²ç¨‹æ•™å­¸|æ–°åŒ—æ¿æ©‹æ–°åŸ”ç«™,æ°‘ç”Ÿè·¯äºŒæ®µæ¿æ©‹èŠ±å¸‚å‘æ—¥è‘µèŠ±è—åŠ,https://www.google.com/maps/place/%E5%90%91%E6%97%A5%E8%91%B5%E8%8A%B1%E8%97%9D%E5%9D%8A%28%E6%9D%BF%E6%A9%8B%E8%8A%B1%E5%B8%8271%E8%99%9F%E5%BA%97%29-%E6%B1%82%E5%A9%9A%E8%8A%B1%E6%9D%9F%E8%A8%82%E8%B3%BC%7C%E9%96%8B%E5%B9%95%E8%8A%B1%E5%A4%96%E9%80%81%7C%E4%B9%BE%E7%87%A5%E8%8A%B1%7C%E6%8D%A7%E8%8A%B1%E8%A8%82%E8%A3%BD%7C%E8%8A%B1%E5%BA%97%E6%8E%A8%E8%96%A6%7C%E7%95%A2%E6%A5%AD%E8%8A%B1%E6%9D%9F%7C%E6%B0%B8%E7%94%9F%E8%8A%B1%E8%AA%B2%E7%A8%8B%E6%95%99%E5%AD%B8%7C%E6%96%B0%E5%8C%97%E6%9D%BF%E6%A9%8B%E6%96%B0%E5%9F%94%E7%AB%99/data=!4m7!3m6!1s0x3442a83dff09ec0b:0x5c4bb72b775e1f34!8m2!3d25.0221767!4d121.4685843!16s%2Fg%2F11df7k6k90!19sChIJC-wJ_z2oQjQRNB9edyu3S1w?authuser=0&hl=zh-TW&rclk=1,5,1852,0933 758 031,https://lh3.googleusercontent.com/p/AF1QipNA1Ce0BN-ua3w_3WXkamn7yFBuNLa9ybv19frc=w92-h92-k-no,æ–°åŒ—å¸‚æ¿æ©‹å€
æ¦®è¨˜èŠ±åŠ ~ 40å¹´åœ¨åœ°èŠ±åº—ï¼Œæä¾›é®®èŠ±èŠ±ç¦®æœå‹™ï¼Œå•†æ¥­æ¡ŒèŠ±ï¼Œé«˜æ¶èŠ±ç±ƒï¼ŒèŠ±æŸï¼,ä¸­æ­£è·¯96è™Ÿ,https://www.google.com/maps/place/%E6%A6%AE%E8%A8%98%E8%8A%B1%E5%9D%8A+~+40%E5%B9%B4%E5%9C%A8%E5%9C%B0%E8%8A%B1%E5%BA%97%EF%BC%8C%E6%8F%90%E4%BE%9B%E9%AE%AE%E8%8A%B1%E8%8A%B1%E7%A6%AE%E6%9C%8D%E5%8B%99%EF%BC%8C%E5%95%86%E6%A5%AD%E6%A1%8C%E8%8A%B1%EF%BC%8C%E9%AB%98%E6%9E%B6%E8%8A%B1%E7%B1%83%EF%BC%8C%E8%8A%B1%E6%9D%9F%EF%BC%8E/data=!4m7!3m6!1s0x3442a804ae0967f1:0x5d2348059c48be0d!8m2!3d25.01513!4d121.456671!16s%2Fg%2F11h9y5dd96!19sChIJ8WcJrgSoQjQRDb5InAVII10?authuser=0&hl=zh-TW&rclk=1,4.5,48,02 2969 8056,https://lh3.googleusercontent.com/gps-cs-s/AG0ilSzCE5v1mGK_D_etV7hpbS0NNKMwQQiRvcyBL1nzP7gcEnfsKar9gl5ItkeKIadBbKmGZs7TcaaRDl_aoj-IfYx03J1p5pCM31EBG3DIyMuLC4f7hDWnlHk6mjNeNYlQhXaYoMlK=w80-h106-k-no,æ–°åŒ—å¸‚æ¿æ©‹å€
Kanny floral bouquet ä¹¾ç‡¥èŠ±æ°¸ç”ŸèŠ±åº—-æ¿æ©‹èŠ±åº— æ¿æ©‹èŠ±æŸ æ¿æ©‹ä¹¾ç‡¥èŠ± æ¿æ©‹æ°¸ç”ŸèŠ± æ¿æ©‹è–èª•èŠ±æŸ æ¿æ©‹éˆ”ç¥¨é€ å‹è›‹ç³•,æ¼¢ç”Ÿæ±è·¯43å··50è™Ÿ,https://www.google.com/maps/place/Kanny+floral+bouquet+%E4%B9%BE%E7%87%A5%E8%8A%B1%E6%B0%B8%E7%94%9F%E8%8A%B1%E5%BA%97-%E6%9D%BF%E6%A9%8B%E8%8A%B1%E5%BA%97+%E6%9D%BF%E6%A9%8B%E8%8A%B1%E6%9D%9F+%E6%9D%BF%E6%A9%8B%E4%B9%BE%E7%87%A5%E8%8A%B1+%E6%9D%BF%E6%A9%8B%E6%B0%B8%E7%94%9F%E8%8A%B1+%E6%9D%BF%E6%A9%8B%E8%81%96%E8%AA%95%E8%8A%B1%E6%9D%9F+%E6%9D%BF%E6%A9%8B%E9%88%94%E7%A5%A8%E9%80%A0%E5%9E%8B%E8%9B%8B%E7%B3%95/data=!4m7!3m6!1s0x3442a970c4c3498b:0x8dbf7c24e36f183d!8m2!3d25.0178724!4d121.4667523!16s%2Fg%2F11vyscx6xv!19sChIJi0nDxHCpQjQRPRhv4yR8v40?authuser=0&hl=zh-TW&rclk=1,5,104,0936 518 366,https://lh3.googleusercontent.com/p/AF1QipNrSROWL9TdDY9glH5o69db2tRAfZyN3xn7wVjC=w80-h106-k-no,æ–°åŒ—å¸‚æ¿æ©‹å€
i.Florist æ„›èŠ±äººèŠ±è—ç¾å­¸é¤¨ æ¿æ©‹ç’°çƒåº—,ç¸£æ°‘å¤§é“äºŒæ®µ7è™Ÿ2æ¨“,https://www.google.com/maps/place/i.Florist+%E6%84%9B%E8%8A%B1%E4%BA%BA%E8%8A%B1%E8%97%9D%E7%BE%8E%E5%AD%B8%E9%A4%A8+%E6%9D%BF%E6%A9%8B%E7%92%B0%E7%90%83%E5%BA%97/data=!4m7!3m6!1s0x3442ab4fc6221d07:0x6df14b012f51556e!8m2!3d25.0141259!4d121.4637592!16s%2Fg%2F11r9tcxn2r!19sChIJBx0ixk-rQjQRblVRLwFL8W0?authuser=0&hl=zh-TW&rclk=1,5,894,,https://lh3.googleusercontent.com/gps-cs-s/AG0ilSy7PyOeLlzdHXE2hhttnrJkdFFNNGv5HPiHar_TTi0EcCPj_rV9XEHQ_Bd_UGVSlVO3NH74byKOx3MxB_qs4aP2ceR0NaMCIoPwrhNMnhIWG3VEew623_jQNZAM5aA7zuQJSStehaAz7-TC=w122-h92-k-no,æ–°åŒ—å¸‚æ¿æ©‹å€
ESGèŠ±èŠ¯æ€èŠ±è—Â®æ¿æ©‹èŠ±å¸‚69è™Ÿ åº—ï½œæ–°åŒ—æ¿æ©‹æ°¸ç”ŸèŠ± ä¹¾ç‡¥èŠ± ç•¢æ¥­èŠ±æŸ å®¢è£½åŒ–èŠ±ç¦® é–‹å¹•èŠ±ç¦® é–‹å¹•èŠ±ç¦® æ¨è–¦èŠ±åº— æ–°å¨˜æ§èŠ± åœ˜é«”æ•™å­¸,æ°‘ç”Ÿè·¯äºŒæ®µ69è™Ÿæ¿æ©‹èŠ±å¸‚å…§,https://www.google.com/maps/place/ESG%E8%8A%B1%E8%8A%AF%E6%80%9D%E8%8A%B1%E8%97%9D%C2%AE%E6%9D%BF%E6%A9%8B%E8%8A%B1%E5%B8%8269%E8%99%9F+%E5%BA%97%EF%BD%9C%E6%96%B0%E5%8C%97%E6%9D%BF%E6%A9%8B%E6%B0%B8%E7%94%9F%E8%8A%B1+%E4%B9%BE%E7%87%A5%E8%8A%B1+%E7%95%A2%E6%A5%AD%E8%8A%B1%E6%9D%9F+%E5%AE%A2%E8%A3%BD%E5%8C%96%E8%8A%B1%E7%A6%AE+%E9%96%8B%E5%B9%95%E8%8A%B1%E7%A6%AE+%E9%96%8B%E5%B9%95%E8%8A%B1%E7%A6%AE+%E6%8E%A8%E8%96%A6%E8%8A%B1%E5%BA%97+%E6%96%B0%E5%A8%98%E6%8D%A7%E8%8A%B1+%E5%9C%98%E9%AB%94%E6%95%99%E5%AD%B8/data=!4m7!3m6!1s0x3442a99ef62a8883:0x5d572e1b160f0f33!8m2!3d25.0223695!4d121.4684485!16s%2Fg%2F11qg17w3ql!19sChIJg4gq9p6pQjQRMw8PFhsuV10?authuser=0&hl=zh-TW&rclk=1,5,769,0928 086 532,https://lh3.googleusercontent.com/gps-cs-s/AG0ilSyWTkxsZ59xLTVqKilyuYwDLRQJPyNd8lzzhnG9VjhCaHYsbSYPwFCfue7hu05ER66B1vC7i1mNfgaMrXFFjVT7ETi_z4qzaCKsfhQhR-qc60vNjd16VZPmnXasM3ZBLErq38gJcA=w122-h92-k-no,æ–°åŒ—å¸‚æ¿æ©‹å€
å¾®å¾®äº«èŠ±èŠ±è—å·¥ä½œå®¤(KFAA/AAFF/Aube/IFDAè­‰ç…§èªå®šæ ¡ï¼‰,ä¸­æ­£è·¯1å··16å¼„47è™Ÿ,https://www.google.com/maps/place/%E5%BE%AE%E5%BE%AE%E4%BA%AB%E8%8A%B1%E8%8A%B1%E8%97%9D%E5%B7%A5%E4%BD%9C%E5%AE%A4%28KFAA%2FAAFF%2FAube%2FIFDA%E8%AD%89%E7%85%A7%E8%AA%8D%E5%AE%9A%E6%A0%A1%EF%BC%89/data=!4m7!3m6!1s0x3442a94541447515:0xc1e0291621281142!8m2!3d25.0122386!4d121.4548346!16s%2Fg%2F11h_z_43_b!19sChIJFXVEQUWpQjQRQhEoIRYp4ME?authuser=0&hl=zh-TW&rclk=1,5,292,0932 052 412,https://lh3.googleusercontent.com/p/AF1QipP38sllcXL5cAJxCdoEuAVc1sHr63Jn77RGh6BQ=w122-h92-k-no,æ–°åŒ—å¸‚æ¿æ©‹å€
ç«¹ç«¹è—æ¬¡å…ƒèŠ±è—åŠ.æ¿æ©‹èŠ±è—.æ¿æ©‹èŠ±å¸‚.28è™Ÿ,æ°‘ç”Ÿè·¯äºŒæ®µèˆ‡æ–‡åŒ–è·¯å£,https://www.google.com/maps/place/%E7%AB%B9%E7%AB%B9%E8%97%9D%E6%AC%A1%E5%85%83%E8%8A%B1%E8%97%9D%E5%9D%8A.%E6%9D%BF%E6%A9%8B%E8%8A%B1%E8%97%9D.%E6%9D%BF%E6%A9%8B%E8%8A%B1%E5%B8%82.28%E8%99%9F/data=!4m7!3m6!1s0x3442a97ec63e7d15:0x8dcaf8d5211efc2d!8m2!3d25.0192551!4d121.470955!16s%2Fg%2F11mdbcjkth!19sChIJFX0-xn6pQjQRLfweIdX4yo0?authuser=0&hl=zh-TW&rclk=1,5,74,,https://lh3.googleusercontent.com/gps-cs-s/AG0ilSxGCcBZp4mPLc_GHMuy55kx5_ezFdKvGkpwaSAR3DOR4PrhdkvDN8cw_zHQkJ3XPR339gtwE3o_hUY6XgszwYBuoQ63cgTSERgAgIVxTdkSXSNpwx0-dTxRRf30q5GC47u-89v4c0llvS3E=w80-h106-k-no,æ–°åŒ—å¸‚æ¿æ©‹å€
ä½³ç¾èŠ±åŠ,æ–‡åŒ–è·¯ä¸€æ®µ27-1è™Ÿ,https://www.google.com/maps/place/%E4%BD%B3%E7%BE%8E%E8%8A%B1%E5%9D%8A/data=!4m7!3m6!1s0x3442a81c624cebcd:0x837afb6c0f80a3b4!8m2!3d25.0128992!4d121.460061!16s%2Fg%2F1tksfhfl!19sChIJzetMYhyoQjQRtKOAD2z7eoM?authuser=0&hl=zh-TW&rclk=1,3,124,02 2272 8881,https://lh3.googleusercontent.com/gps-cs-s/AG0ilSykz4jQZ-eFhrfmmNbEJEc3c7mR_N5_bemwVhhuP5n660cD630xabEvaGx_u9cVKVEYQvifdktXlfwSLhmd8rgssMoojCulQC8Sgq0N7a-3YubZk-UvHAxQG_Rzv8ZIpUluJTTi=w80-h106-k-no,æ–°åŒ—å¸‚æ¿æ©‹å€
æ¿æ©‹èŠ±å¸‚,æ°‘ç”Ÿè·¯äºŒæ®µèˆ‡æ–‡åŒ–è·¯å£,https://www.google.com/maps/place/%E6%9D%BF%E6%A9%8B%E8%8A%B1%E5%B8%82/data=!4m7!3m6!1s0x3442a83dfff2b0b9:0xac96c1e5602058ea!8m2!3d25.0224836!4d121.4683581!16s%2Fg%2F11y1f_h11!19sChIJubDy_z2oQjQR6lggYOXBlqw?authuser=0&hl=zh-TW&rclk=1,4,3381,02 2968 6911,https://lh3.googleusercontent.com/gps-cs-s/AG0ilSz1TIaVV2ER2WFWz2TgTbLt3J13uSYR49yEbFjC-lf-uVNwtWyYhTSeEq4a__jgSfmy-rA29--bMb1MmMzxixfa24dD2DrHD-vdvJvbK2HPlWveAxeqMRxTBKYHl0zJb3xJcDVf=w80-h106-k-no,æ–°åŒ—å¸‚æ¿æ©‹å€
æ™¯ç·»èŠ±å‰åœ’è— æ¿æ©‹èŠ±å¸‚ 16ã€78è™Ÿæ”¤ä½,æ¿æ©‹èŠ±å¸‚,https://www.google.com/maps/place/%E6%99%AF%E7%B7%BB%E8%8A%B1%E5%8D%89%E5%9C%92%E8%97%9D+%E6%9D%BF%E6%A9%8B%E8%8A%B1%E5%B8%82+16%E3%80%8178%E8%99%9F%E6%94%A4%E4%BD%8D/data=!4m7!3m6!1s0x3442a9e74b5345d7:0xd480ed8737ae3e20!8m2!3d25.0219175!4d121.468743!16s%2Fg%2F11h_788vpw!19sChIJ10VTS-epQjQRID6uN4ftgNQ?authuser=0&hl=zh-TW&rclk=1,4.7,65,,https://lh3.googleusercontent.com/gps-cs-s/AG0ilSwdwA5_6DReLCLysu-kWXeVsS_KMpShZwywpstMlU0ZGLkLNIa4dvXKnCMtLK2Scf1xZHQTduTgdTIPwMfxJqZ0oszDC_ZHNDxrFWilDBWZV2lKct8ysYcgZE8QtE86qPz1R8HY=w163-h92-k-no,æ–°åŒ—å¸‚æ¿æ©‹å€
II Fioraio Irises é³¶èŠ±,ä¸­å±±è·¯ä¸€æ®µ160-12è™Ÿ,https://www.google.com/maps/place/II+Fioraio+Irises+%E9%B3%B6%E8%8A%B1/data=!4m7!3m6!1s0x3442a938ecaa57f5:0xa0eea6c8eaffdf3f!8m2!3d25.0119713!4d121.4664036!16s%2Fg%2F11p5frpdg1!19sChIJ9Veq7DipQjQRP9__6sim7qA?authuser=0&hl=zh-TW&rclk=1,4.5,8,0979 336 709,https://lh3.googleusercontent.com/gps-cs-s/AG0ilSztz0ubsf2lujSxP4m5qGvtdqU0bnVu-hMPnfxzqjdu0-z976blod9mNr8j0vjPVaGEikqhE38ETaY9oKAcvUMxpQ4l3tc4ZzmjwEDRBxxB8qPqNTKfVH335v7w9O4itp39LNcn=w122-h92-k-no,æ–°åŒ—å¸‚æ¿æ©‹å€
å·§éº—èŠ±åŠ,å—é›…å—è·¯ä¸€æ®µ2ä¹‹2è™Ÿ,https://www.google.com/maps/place/%E5%B7%A7%E9%BA%97%E8%8A%B1%E5%9D%8A/data=!4m7!3m6!1s0x346802a86318f487:0xd3d7c642d54da195!8m2!3d25.0070381!4d121.4562539!16s%2Fg%2F11g8cxjmjm!19sChIJh_QYY6gCaDQRlaFN1ULG19M?authuser=0&hl=zh-TW&rclk=1,4.8,65,02 2966 4646,https://lh3.googleusercontent.com/gps-cs-s/AG0ilSwSxWoCyU3fuWJrkHprslwZWFw8TcAuVYTlWtP-vPAgQUbhbRsFtAYbaRMZ_K_1G-G9MOUhfGyc_NsLsN-4iFL5ermnbjDwW4YeBFTZ0zpW5PhwRNlrxPy-o-15KDerAkUO6ETr_w=w122-h92-k-no,æ–°åŒ—å¸‚æ¿æ©‹å€
Rose & Co.,"1F, No. 112è™Ÿè—æ–‡è¡—",https://www.google.com/maps/place/Rose+%26+Co./data=!4m7!3m6!1s0x3442a90340e7c9ed:0x738f5769b6d07d8!8m2!3d25.021882!4d121.4509093!16s%2Fg%2F11t9rpkjg3!19sChIJ7cnnQAOpQjQR2Adtm3b1OAc?authuser=0&hl=zh-TW&rclk=1,4.8,21,,https://lh3.googleusercontent.com/p/AF1QipMKg-slh7DXsZ9zbOZpgoFGeUgsobGtld1eNGkr=w80-h106-k-no,æ–°åŒ—å¸‚æ¿æ©‹å€
å°å¸ƒèŠ±åŠ,ä¸­å±±è·¯ä¸€æ®µ158å··27è™Ÿ,https://www.google.com/maps/place/%E5%B0%8F%E5%B8%83%E8%8A%B1%E5%9D%8A/data=!4m7!3m6!1s0x3442a8201bb59109:0x1954bef5aabf6733!8m2!3d25.0111413!4d121.4665752!16s%2Fg%2F12m9crtbx!19sChIJCZG1GyCoQjQRM2e_qvW-VBk?authuser=0&hl=zh-TW&rclk=1,4.8,111,02 8953 2143,https://lh3.googleusercontent.com/gps-cs-s/AG0ilSyMyZnnVur3ZNN4EACNwyyDLGzi0wesusv7J1FBdgbGNiQq8jB-e31oV6LivJuHRE-ZYN8rCVMbjhIefdI3YFFDfCl6wR_ky--hEqAZXIHdL_xkL8EeddyfnRseWi8HZKiPiZHh=w80-h106-k-no,æ–°åŒ—å¸‚æ¿æ©‹å€
Wednesday Floral å°é€±æœ«æœ‰èŠ±,æ¼¢ç”Ÿæ±è·¯193å··5è™Ÿ1æ¨“,https://www.google.com/maps/place/Wednesday+Floral+%E5%B0%8F%E9%80%B1%E6%9C%AB%E6%9C%89%E8%8A%B1/data=!4m7!3m6!1s0x3442a94fdf3cfb43:0x55dc955bfacd5757!8m2!3d25.0118693!4d121.4701814!16s%2Fg%2F11nn2bl4hf!19sChIJQ_s830-pQjQRV1fN-luV3FU?authuser=0&hl=zh-TW&rclk=1,4.8,43,0934 050 776,https://lh3.googleusercontent.com/gps-cs-s/AG0ilSwc7cL2tuUTfxSDXhVW6dJhFRP8xo4MjUe0H8jZQAy3RVj3SNqOdSLAO_ul3EqaYhWON-8F61Nm1K8JtRBhKLdSxTiiAXch_43biG1etIXNmWhy23KNEHLlPfdTicJ79cPNYAHz=w122-h92-k-no,æ–°åŒ—å¸‚æ¿æ©‹å€
ç™¾éº—é®®èŠ±åº—,å—é›…å—è·¯ä¸€æ®µ2-1è™Ÿ,https://www.google.com/maps/place/%E7%99%BE%E9%BA%97%E9%AE%AE%E8%8A%B1%E5%BA%97/data=!4m7!3m6!1s0x346802a86344119d:0xc2eb0e8b31a19638!8m2!3d25.0070454!4d121.4562485!16s%2Fg%2F1thptksd!19sChIJnRFEY6gCaDQROJahMYsO68I?authuser=0&hl=zh-TW&rclk=1,4.3,177,02 2966 4601,https://lh3.googleusercontent.com/gps-cs-s/AG0ilSy0e-e_7HaW_h3LeCBx9J6K9lCHXsh3nFyw0zXFJ83ayKCQ3uKdQOMJGvPhszlmkKuHat2UYUP--quxjpFJh5MBWxCTPJTZZIr4QQialj_2Qd5F_LIwtAZmLAK0grbIFMwOGPs4jQ=w163-h92-k-no,æ–°åŒ—å¸‚æ¿æ©‹å€
èŠ±çª©èŠ±åŠã€åœŸåŸã€æ¿æ©‹ã€ä¸­å’Œã€æ–°èŠã€æ¨¹æ—å’Œå…¶ä»–åœ°å€çš†å¯é…é€ã€‘,ç«‹å¾·è·¯15è™Ÿ,https://www.google.com/maps/place/%E8%8A%B1%E7%AA%A9%E8%8A%B1%E5%9D%8A%E3%80%90%E5%9C%9F%E5%9F%8E%E3%80%81%E6%9D%BF%E6%A9%8B%E3%80%81%E4%B8%AD%E5%92%8C%E3%80%81%E6%96%B0%E8%8E%8A%E3%80%81%E6%A8%B9%E6%9E%97%E5%92%8C%E5%85%B6%E4%BB%96%E5%9C%B0%E5%8D%80%E7%9A%86%E5%8F%AF%E9%85%8D%E9%80%81%E3%80%91/data=!4m7!3m6!1s0x346802b8c0f822ab:0xb8be9a6ef72be813!8m2!3d24.9882421!4d121.4615129!16s%2Fg%2F11bbw_phtv!19sChIJqyL4wLgCaDQRE-gr926avrg?authuser=0&hl=zh-TW&rclk=1,4.8,548,02 2260 2383,https://lh3.googleusercontent.com/p/AF1QipMtQgQvdqcp0OmZgSIQFEYH65DCCgK1qrtb7hPs=w136-h92-k-no,æ–°åŒ—å¸‚æ¿æ©‹å€
ç¶ è¯åœ’èŠ±åŠ ï¼ˆæ¿æ©‹èŠ±å¸‚41è™Ÿï¼‰ï¼ˆæƒ…äººç¯€èŠ±æŸ æ¯è¦ªç¯€èŠ±æŸ ç•¢æ¥­èŠ±æŸ æ±‚å©šèŠ±æŸ ç«ç‘°èŠ±æŸï¼‰,æ¿æ©‹èŠ±å¸‚41è™Ÿ,https://www.google.com/maps/place/%E7%B6%A0%E8%8F%AF%E5%9C%92%E8%8A%B1%E5%9D%8A+%EF%BC%88%E6%9D%BF%E6%A9%8B%E8%8A%B1%E5%B8%8241%E8%99%9F%EF%BC%89%EF%BC%88%E6%83%85%E4%BA%BA%E7%AF%80%E8%8A%B1%E6%9D%9F+%E6%AF%8D%E8%A6%AA%E7%AF%80%E8%8A%B1%E6%9D%9F+%E7%95%A2%E6%A5%AD%E8%8A%B1%E6%9D%9F+%E6%B1%82%E5%A9%9A%E8%8A%B1%E6%9D%9F+%E7%8E%AB%E7%91%B0%E8%8A%B1%E6%9D%9F%EF%BC%89/data=!4m7!3m6!1s0x3442a9db8894b261:0xc847ef44c3e73073!8m2!3d25.0217192!4d121.4688286!16s%2Fg%2F11fqb1zq67!19sChIJYbKUiNupQjQRczDnw0TvR8g?authuser=0&hl=zh-TW&rclk=1,4.1,29,0937 895 951,https://lh3.googleusercontent.com/p/AF1QipMb3Ok08vUVt6Cgbm01Oy6SrW2canin30sUF5-8=w122-h92-k-no,æ–°åŒ—å¸‚æ¿æ©‹å€
æˆè²èŠ±åº—,æ–‡åŒ–è·¯ä¸€æ®µ270å··3å¼„14è™Ÿ,https://www.google.com/maps/place/%E6%88%90%E8%B2%9E%E8%8A%B1%E5%BA%97/data=!4m7!3m6!1s0x3442a9053aa0838b:0x7d4c7120dbf2fdde!8m2!3d25.020803!4d121.467993!16s%2Fg%2F11zhnwt2yh!19sChIJi4OgOgWpQjQR3v3y2yBxTH0?authuser=0&hl=zh-TW&rclk=1,5,23,,https://lh3.googleusercontent.com/gps-cs-s/AG0ilSxbGqvA1z_MzQSLVP7RzJlmqW6drdO-PLb8uq7nlqBaAOm2QyIhq_p6hxvDczAvRJAv_Phb0ap1EVtsfBhpkGDK5zAR4fFAsjD-SacrSm_ZvfwvIsdxQ7bgCpQHQk9Bl03JkILnhtCRGZs9=w80-h106-k-no,æ–°åŒ—å¸‚æ¿æ©‹å€
Jennifer flower,æ°‘å¾·è·¯396è™Ÿ,https://www.google.com/maps/place/Jennifer+flower/data=!4m7!3m6!1s0x34680386bad84f3f:0x8f07c7089f2bcb0e!8m2!3d24.9937871!4d121.4658618!16s%2Fg%2F11zk1knwgx!19sChIJP0_YuoYDaDQRDssrnwjHB48?authuser=0&hl=zh-TW&rclk=1,5,78,,https://lh3.googleusercontent.com/gps-cs-s/AG0ilSyvbkrjEjbaXa9Hvj4cLKrfmLidvvejvuMLqmDRA37Ovfv2wAQX9sBxxlxxCCNHG_ghk3z6PCzlJph70koqtqgIM5Q85i8k1Y-xUaoJknVIY_mBhszH6AIYD-dcQLEOBIajaAYcB0_PRdIF=w80-h106-k-no,æ–°åŒ—å¸‚æ¿æ©‹å€
èŠ±é€—floraltease èŠ±è—è¨­è¨ˆå·¥ä½œå®¤,æ–‡åŒ–è·¯ä¸€æ®µ387å··7è™Ÿ,https://www.google.com/maps/place/%E8%8A%B1%E9%80%97floraltease+%E8%8A%B1%E8%97%9D%E8%A8%AD%E8%A8%88%E5%B7%A5%E4%BD%9C%E5%AE%A4/data=!4m7!3m6!1s0x3442a93a735280a9:0xe2b525daaa623911!8m2!3d25.0219219!4d121.466559!16s%2Fg%2F11t9jptvx_!19sChIJqYBSczqpQjQRETliqtolteI?authuser=0&hl=zh-TW&rclk=1,5,46,0979 236 186,https://lh3.googleusercontent.com/gps-cs-s/AG0ilSxOiOGlHiXNzCkQWkpQzGXz0j37gWKZ3UO0edYYddIKepReTxAKj-ugxeQEzSQi68_fcuAVTrBSWmiZ6G5z6auT6_JbZRNGjcES-2Z1H8VYvH_c9721H0q4MIw75rB39ycYa-a51g=w80-h106-k-no,æ–°åŒ—å¸‚æ¿æ©‹å€
ç‰å±±èŠ±åº—,å››å·è·¯ä¸€æ®µåå··äºŒè™Ÿä¸€æ¨“,https://www.google.com/maps/place/%E7%8E%89%E5%B1%B1%E8%8A%B1%E5%BA%97/data=!4m7!3m6!1s0x34680353ff7620af:0xdfde8846408965ff!8m2!3d25.0068039!4d121.459313!16s%2Fg%2F11q21dcxnr!19sChIJryB2_1MDaDQR_2WJQEaI3t8?authuser=0&hl=zh-TW&rclk=1,4.4,40,02 2955 8070,https://lh3.googleusercontent.com/gps-cs-s/AG0ilSzuV9CzrPz9ohUFGoQMEgKk1VCmsRpYH5cgniATIcrlpnW016bXIo6dl4H31SSfXBFSfZZCyLF0XljbReLt7Xxg6mJaBt1pT8AjaaPkTqRtZw0zdlZ54Ll65WSwKH3nNrDFaJ4=w80-h106-k-no,æ–°åŒ—å¸‚æ¿æ©‹å€
é¦¥éƒé®®èŠ±åŠ,æ°‘ç”Ÿè·¯äºŒæ®µ57è™Ÿæ”¤ä½æ¿æ©‹èŠ±å¸‚,https://www.google.com/maps/place/%E9%A6%A5%E9%83%81%E9%AE%AE%E8%8A%B1%E5%9D%8A/data=!4m7!3m6!1s0x3442a9fd79b413c5:0x799bc4794cdc2a83!8m2!3d25.0218231!4d121.4692868!16s%2Fg%2F11gxs09tk9!19sChIJxRO0ef2pQjQRgyrcTHnEm3k?authuser=0&hl=zh-TW&rclk=1,4.9,7,0933 007 294,https://lh3.googleusercontent.com/gps-cs-s/AG0ilSy9Slrq-I-RnUshMY4MKZYMIk2qa33N_Zs2fnUiga4086Xr63825QF-5kQ5GtfLhW2IBeNE9M6Lb9FHHu8LBfFLjs5JCbuxlpcP4_7a_KEo2t6TuS1YPlMCgn9jvaLpBXCRBqA=w80-h106-k-no,æ–°åŒ—å¸‚æ¿æ©‹å€
è‚²ç¶ºèŠ±åŠ,æ°‘æ¬Šè·¯,https://www.google.com/maps/place/%E8%82%B2%E7%B6%BA%E8%8A%B1%E5%9D%8A/data=!4m7!3m6!1s0x3442a81dd1c37c91:0x2ed914be6bb1f095!8m2!3d25.010955!4d121.4620982!16s%2Fg%2F12m9h4cdq!19sChIJkXzD0R2oQjQRlfCxa74U2S4?authuser=0&hl=zh-TW&rclk=1,4,5,02 2951 0707,https://lh3.googleusercontent.com/gps-cs-s/AG0ilSxKa5ZKfTuX-njPwG7-oTcfKj1z0r2yabuc5o9v3Z88zOP4aTOVF5x-SOxbzXOi4-aBhFauN8me8W6QQqOlHuccBQOK5-9liKavclZPhIKdcfBEP9K5xyJ0AjaWfRe-6oAlRJxEBQ=w80-h106-k-no,æ–°åŒ—å¸‚æ¿æ©‹å€
å·§èŠ³é®®èŠ±åº—,æ°‘æ—è·¯203è™Ÿ,https://www.google.com/maps/place/%E5%B7%A7%E8%8A%B3%E9%AE%AE%E8%8A%B1%E5%BA%97/data=!4m7!3m6!1s0x3442a8201903c969:0xe0444bb268565d6d!8m2!3d25.0074868!4d121.4690331!16s%2Fg%2F1pzq600k1!19sChIJackDGSCoQjQRbV1WaLJLROA?authuser=0&hl=zh-TW&rclk=1,4.8,79,02 2952 3370,https://lh3.googleusercontent.com/gps-cs-s/AG0ilSzKPehhd3j_ybmHAHWVz5M8HwVqcyOR1cMuLM99LhwTCNmqGXhdTRUfSZ3E_l6B6Z2hzfK6j9hmiYNemq7L1UnM8QG1JiHDpAEJBlOwJBatIZdn117LmbJNClar1G3dgnUJWypOIg=w80-h106-k-no,æ–°åŒ—å¸‚æ¿æ©‹å€
æ˜Ÿé¡˜å±‹,æ–°æµ·è·¯424è™Ÿ,https://www.google.com/maps/place/%E6%98%9F%E9%A1%98%E5%B1%8B/data=!4m7!3m6!1s0x3442a9cb28de00f9:0xcf8a8a2023337d6b!8m2!3d25.0275285!4d121.4582962!16s%2Fg%2F11rrzc6bkp!19sChIJ-QDeKMupQjQRa30zIyCKis8?authuser=0&hl=zh-TW&rclk=1,5,40,0938 729 903,https://lh3.googleusercontent.com/gps-cs-s/AG0ilSwHcF2U3EouudqXuU3aLJaefa06yNBO5s40h0Z4fQVrvO0cEKm4lMN2oRA6a3AznjZZHULAhhMTFHt-bYpNkF7l3B4gzpqGLLpgPztFrasSagKlF-5lQN23_Q1POQiMt5C3i8M=w80-h106-k-no,æ–°åŒ—å¸‚æ¿æ©‹å€
æ™¨å¸ŒèŠ±åŠ,å››å·è·¯ä¸€æ®µ471è™Ÿ,https://www.google.com/maps/place/%E6%99%A8%E5%B8%8C%E8%8A%B1%E5%9D%8A/data=!4m7!3m6!1s0x346803264616c2d9:0x9790c9882e15f3d3!8m2!3d24.9973859!4d121.4572888!16s%2Fg%2F11h3qz5ctc!19sChIJ2cIWRiYDaDQR0_MVLojJkJc?authuser=0&hl=zh-TW&rclk=1,5,93,0902 377 926,https://lh3.googleusercontent.com/gps-cs-s/AG0ilSxzjNHLxCPC6sYAoUipG6PwZvkeopTamZU6YdM-sfLZpCUh5mZc5QTVr3ewm9vEDkzTkLeQQRMKm9YTK3FQRxlZl5OJ3DrJQs7h5yysJLdrAcDe4UUbaDXm1FED9jwUHJA5fUYr5Q=w80-h106-k-no,æ–°åŒ—å¸‚æ¿æ©‹å€
æ¿æ©‹èŠ±åº—,å€‰å¾Œè¡—20è™Ÿ1æ¨“,https://www.google.com/maps/place/%E6%9D%BF%E6%A9%8B%E8%8A%B1%E5%BA%97/data=!4m7!3m6!1s0x346802a81e23fa81:0xb6cde7df908a5ae5!8m2!3d25.0093685!4d121.4556111!16s%2Fg%2F11bbrhcbt6!19sChIJgfojHqgCaDQR5VqKkN_nzbY?authuser=0&hl=zh-TW&rclk=1,3.7,69,02 2960 6548,https://lh3.googleusercontent.com/gps-cs-s/AG0ilSxTsLy0lhiNX3u66fQnHHcZJRPahJKug8KP9nimA7HDkrHrQRIgghe4PCEObA8IRFEQiclVXEo8QtfxA2igHi8UT-iZ4rZph2p5nN1j-Onm5saOOmRKH9Ga2fcvK6JF3xWdJ4is=w80-h106-k-no,æ–°åŒ—å¸‚æ¿æ©‹å€
èµ¤é¹¿èŠ±è—â€”æ¿æ©‹èŠ±åº—,æ°‘ç”Ÿè·¯äºŒæ®µ,https://www.google.com/maps/place/%E8%B5%A4%E9%B9%BF%E8%8A%B1%E8%97%9D%E2%80%94%E6%9D%BF%E6%A9%8B%E8%8A%B1%E5%BA%97/data=!4m7!3m6!1s0x3442a9eef2fc40bb:0x797c69f006937c08!8m2!3d25.0223557!4d121.4684761!16s%2Fg%2F11vjc3xrlx!19sChIJu0D88u6pQjQRCHyTBvBpfHk?authuser=0&hl=zh-TW&rclk=1,5,19,0976 719 891,https://lh3.googleusercontent.com/gps-cs-s/AG0ilSxvcQAMNRQZI1z5XqivVPcZuxWq_WbpIqN4tslZqE7NJZ1xGrtj3Nt56fJQ4Ctdoj55kTTqjLNXDxll3tRjrziJsM9sVaC-AuBUzi2SX--WT4aZmWuPdVt9OqfSh4LCA80YaL11eQ=w122-h92-k-no,æ–°åŒ—å¸‚æ¿æ©‹å€
æŸ”æƒ…èŠ±åŠ æ–°åŒ—å¸‚èŠ±åº— æ¿æ©‹èŠ±åº— å¯¦é«”èŠ±åº— ä»£å®¢é€èŠ± ç¯€æ…¶èŠ±ç¦® ç²¾ç·»ç›†èŠ± é–‹é‹ç›†æ ½ è˜­èŠ±çµ„åˆç›†æ ½,é•·å®‰è¡—138å··1å¼„288è™Ÿ1æ¨“,https://www.google.com/maps/place/%E6%9F%94%E6%83%85%E8%8A%B1%E5%9D%8A+%E6%96%B0%E5%8C%97%E5%B8%82%E8%8A%B1%E5%BA%97+%E6%9D%BF%E6%A9%8B%E8%8A%B1%E5%BA%97+%E5%AF%A6%E9%AB%94%E8%8A%B1%E5%BA%97+%E4%BB%A3%E5%AE%A2%E9%80%81%E8%8A%B1+%E7%AF%80%E6%85%B6%E8%8A%B1%E7%A6%AE+%E7%B2%BE%E7%B7%BB%E7%9B%86%E8%8A%B1+%E9%96%8B%E9%81%8B%E7%9B%86%E6%A0%BD+%E8%98%AD%E8%8A%B1%E7%B5%84%E5%90%88%E7%9B%86%E6%A0%BD/data=!4m7!3m6!1s0x3442a8240fdd7865:0xbdf1f2ef027b0931!8m2!3d25.0110072!4d121.4748837!16s%2Fg%2F12m99tlzr!19sChIJZXjdDySoQjQRMQl7Au_y8b0?authuser=0&hl=zh-TW&rclk=1,4.8,37,02 2951 5946,https://lh3.googleusercontent.com/p/AF1QipPmt3V7FZgeyEgXf1SRj0a6Cbm152aqKr-u1hU_=w122-h92-k-no,æ–°åŒ—å¸‚æ¿æ©‹å€
è¸ç´«éœ²èŠ±ğ‘à ¬Ü“è¸.èŠ±è— ÑƒÏ…Î¹.fâ„“ÏƒÑÎ±â„“ï½œæ°¸ç”ŸèŠ±ç¦®è¨‚è£½ï½œé®®èŠ±é è¨‚ï½œèŠ±è—èª²ç¨‹ï½œå¯µç‰©å‹å–„ âœ§ï¸*ã€‚,æ¿æ–°è·¯112è™Ÿ3æ¨“,https://www.google.com/maps/place/%E8%90%B8%E7%B4%AB%E9%9C%B2%E8%8A%B1%F0%91%81%8D%E0%A0%AC%DC%93%E8%90%B8.%E8%8A%B1%E8%97%9D+%D1%83%CF%85%CE%B9.f%E2%84%93%CF%83%D1%8F%CE%B1%E2%84%93%EF%BD%9C%E6%B0%B8%E7%94%9F%E8%8A%B1%E7%A6%AE%E8%A8%82%E8%A3%BD%EF%BD%9C%E9%AE%AE%E8%8A%B1%E9%A0%90%E8%A8%82%EF%BD%9C%E8%8A%B1%E8%97%9D%E8%AA%B2%E7%A8%8B%EF%BD%9C%E5%AF%B5%E7%89%A9%E5%8F%8B%E5%96%84+%E2%9C%A7%EF%B8%8E*%E3%80%82%E2%80%AD/data=!4m7!3m6!1s0x3442a9b484a4371f:0x3b2176cd4becbb5d!8m2!3d25.0153179!4d121.4714085!16s%2Fg%2F11t0px9n51!19sChIJHzekhLSpQjQRXbvsS812ITs?authuser=0&hl=zh-TW&rclk=1,5,83,02 8953 2359,https://lh3.googleusercontent.com/p/AF1QipNtG29IM4yu22stKi6T9FI8FGOeka3mpIXLthnt=w80-h106-k-no,æ–°åŒ—å¸‚æ¿æ©‹å€
æ™®ç¾…æ—ºæ–¯èŠ±è‹‘,æ ¡å‰è¡—80è™Ÿ,https://www.google.com/maps/place/%E6%99%AE%E7%BE%85%E6%97%BA%E6%96%AF%E8%8A%B1%E8%8B%91/data=!4m7!3m6!1s0x346802a6b021e0c7:0x1cca8a823264db36!8m2!3d25.0032757!4d121.4621309!16s%2Fg%2F12m931py3!19sChIJx-AhsKYCaDQRNttkMoKKyhw?authuser=0&hl=zh-TW&rclk=1,4.9,33,0928 285 810,https://lh3.googleusercontent.com/gps-cs-s/AG0ilSwwV_ebkxKAKpYLWJkfKhMSP9phDcu4QbHkR_FRHA0MVbqs0wnV9sYv9SdHVv2r6aTU8_Q7L08NnUrbGkoibXCV3RPgGa7rmGFG6BucqQ_sWSLiq-I4JVnO6zxK4Qb280cPEVc6=w137-h92-k-no,æ–°åŒ—å¸‚æ¿æ©‹å€
å„„å®¢ä¾†èŠ±è—å¤©åœ°,ä¸­å±±è·¯äºŒæ®µ376è™Ÿ,https://www.google.com/maps/place/%E5%84%84%E5%AE%A2%E4%BE%86%E8%8A%B1%E8%97%9D%E5%A4%A9%E5%9C%B0/data=!4m7!3m6!1s0x3442a83a0c7b6faf:0xbd2ecb78bd5fbe0f!8m2!3d25.020147!4d121.482103!16s%2Fg%2F12m90xr9k!19sChIJr297DDqoQjQRD75fvXjLLr0?authuser=0&hl=zh-TW&rclk=1,4.1,98,02 2959 6555,https://lh3.googleusercontent.com/p/AF1QipN97l2VLZIg8AumlZ1WNR4AD8ICqxr6pENgyPc4=w122-h92-k-no,æ–°åŒ—å¸‚æ¿æ©‹å€
å‰µé»èŠ±åŠ,é€£åŸè·¯369ä¹‹1è™Ÿ,https://www.google.com/maps/place/%E5%89%B5%E9%BB%9E%E8%8A%B1%E5%9D%8A/data=!4m7!3m6!1s0x34680286c62db9cd:0xed7d9fb2f0bef24b!8m2!3d24.9960474!4d121.4872279!16s%2Fg%2F12m9hffst!19sChIJzbktxoYCaDQRS_K-8LKffe0?authuser=0&hl=zh-TW&rclk=1,5,471,0937 462 239,https://lh3.googleusercontent.com/p/AF1QipNanJg1fAIFseobKkWjai6I8wnXxnYCt0R-gnh5=w80-h106-k-no,æ–°åŒ—å¸‚ä¸­å’Œå€
å°åŒ—æ„›éº—çµ²èŠ±åŠç¶²è·¯èŠ±åº—,11è™Ÿ æ•¦åŒ–åŒ—è·¯222å··6å¼„,https://www.google.com/maps/place/%E5%8F%B0%E5%8C%97%E6%84%9B%E9%BA%97%E7%B5%B2%E8%8A%B1%E5%9D%8A%E7%B6%B2%E8%B7%AF%E8%8A%B1%E5%BA%97/data=!4m7!3m6!1s0x3442abe58908e1e9:0x82c1850bc03f7908!8m2!3d25.058458!4d121.548224!16s%2Fg%2F1tf45vgt!19sChIJ6eEIieWrQjQRCHk_wAuFwYI?authuser=0&hl=zh-TW&rclk=1,4.5,222,02 2545 7118,https://lh3.googleusercontent.com/p/AF1QipPTxsEOhJTfGXXCBzc_BVtw0GBXe95gKe7mMe9v=w160-h184-p-k-no,å°åŒ—å¸‚æ¾å±±å€
ç–æ¡‰èŠ±è— å—äº¬å¾©èˆˆ,193è™Ÿ é•·å®‰æ±è·¯äºŒæ®µ,https://www.google.com/maps/place/%E7%8E%96%E6%A1%89%E8%8A%B1%E8%97%9D+%E5%8D%97%E4%BA%AC%E5%BE%A9%E8%88%88/data=!4m7!3m6!1s0x3442ab95981a3ca9:0x830728343935ce5!8m2!3d25.048436!4d121.5432!16s%2Fg%2F11m77s0mcg!19sChIJqTwamJWrQjQR5VyTQ4NyMAg?authuser=0&hl=zh-TW&rclk=1,5,188,0901 190 406,https://lh3.googleusercontent.com/p/AF1QipP6TI6ewgpXDrfbJVHhOWR_gOhrxA94J1rtuxis=w160-h184-p-k-no,å°åŒ—å¸‚ä¸­å±±å€
ç²‰ç´…ç«ç‘°èŠ±åŠ-èŠ±åº—,ä¸­å±±è·¯äºŒæ®µ509è™Ÿ1æ¨“,https://www.google.com/maps/place/%E7%B2%89%E7%B4%85%E7%8E%AB%E7%91%B0%E8%8A%B1%E5%9D%8A-%E8%8A%B1%E5%BA%97/data=!4m7!3m6!1s0x3442a8284f2c3c09:0xee1428707df730f6!8m2!3d25.0049496!4d121.4821952!16s%2Fg%2F1hc5wxgfl!19sChIJCTwsTyioQjQR9jD3fXAoFO4?authuser=0&hl=zh-TW&rclk=1,4.8,74,02 3234 6680,https://lh3.googleusercontent.com/gps-cs-s/AG0ilSwyyCfaDS-bV7HCGrOo3Tw1Net5RuO59vrsi5htrAfyqlEE_KxJMq8dKmSGQ458PA6jXUU8f-LrUWJqORdr5-xSUvxU1XjUD0-697gHocpwZCLfbFE4cEEVTv81Vx9gYIauJ0cI=w122-h92-k-no,æ–°åŒ—å¸‚æ¿æ©‹å€
åœ‹èŠ±é®®èŠ±åº—,æ–°æµ·è·¯434è™Ÿ,https://www.google.com/maps/place/%E5%9C%8B%E8%8A%B1%E9%AE%AE%E8%8A%B1%E5%BA%97/data=!4m7!3m6!1s0x3442a8128be15d11:0xfbcfb1d89ad5bebe!8m2!3d25.0277661!4d121.4581447!16s%2Fg%2F11gl26b_zm!19sChIJEV3hixKoQjQRvr7Vmtixz_s?authuser=0&hl=zh-TW&rclk=1,4.1,8,02 2255 7116,https://lh3.googleusercontent.com/gps-cs-s/AG0ilSxrGkQezLLrRIu8ZwrsUeiEriNdpJQzDlw4t5nKbHqxFubF-1rNfGX-8oIX446j9sC3XtviKiZEOdGXF-asTwn56UOY7mAM9_uRvJIU6o-TXN4E777NHDJ4ny8sJ3-iORHOzbM3=w80-h106-k-no,æ–°åŒ—å¸‚æ¿æ©‹å€
å–œæ¨‚å‰µæ„è¨­è¨ˆèŠ±åº—,é€£åŸè·¯306è™Ÿ,https://www.google.com/maps/place/%E5%96%9C%E6%A8%82%E5%89%B5%E6%84%8F%E8%A8%AD%E8%A8%88%E8%8A%B1%E5%BA%97/data=!4m7!3m6!1s0x3468028442f60a9d:0x87b165ebdad7ca8c!8m2!3d24.9963709!4d121.4837979!16s%2Fg%2F11b5wjrrtx!19sChIJnQr2QoQCaDQRjMrX2utlsYc?authuser=0&hl=zh-TW&rclk=1,4.9,542,02 2221 1350,https://lh3.googleusercontent.com/p/AF1QipMfUPEnhVz3jKtw8ITDQaR8-2a1VEFq3xpGNMZz=w122-h92-k-no,æ–°åŒ—å¸‚ä¸­å’Œå€
ä»™ä¾¶å¥‡ç·£èŠ±ç¦®å·¥ä½œå®¤,ä¸­å±±è·¯ä¸€æ®µ206å··111è™Ÿ4æ¨“,https://www.google.com/maps/place/%E4%BB%99%E4%BE%B6%E5%A5%87%E7%B7%A3%E8%8A%B1%E7%A6%AE%E5%B7%A5%E4%BD%9C%E5%AE%A4/data=!4m7!3m6!1s0x3442a8238f88675f:0xe5b5db9bc9dec238!8m2!3d25.0136219!4d121.472848!16s%2Fg%2F12m948h9_!19sChIJX2eIjyOoQjQROMLeyZvbteU?authuser=0&hl=zh-TW&rclk=1,4.7,20,02 2954 0139,https://lh3.googleusercontent.com/gps-cs-s/AG0ilSzphd7o4-J6KV16Bv-ms7cRV-Ui4ifPeBZZonActm6A4BOQDZvTtWTJVkhfWSEaiXwN2F-Z45PVb0v0NXDmiVjCA55KLptKnsM2LIkXxktc-b1NoCsh6IFVWWLQsNMNm2hPpxM=w80-h120-k-no,æ–°åŒ—å¸‚æ¿æ©‹å€
å®‰å¨œèŠ±è— Anna flowerï¼ˆæ­¡è¿å…‰è‡¨ï¼è«‹é ç´„ï¼Œé¿å…å¤–å‡ºè®“æ‚¨æ’²ç©ºï¼‰,è™Ÿ,https://www.google.com/maps/place/%E5%AE%89%E5%A8%9C%E8%8A%B1%E8%97%9D+Anna+flower%EF%BC%88%E6%AD%A1%E8%BF%8E%E5%85%89%E8%87%A8%EF%BC%81%E8%AB%8B%E9%A0%90%E7%B4%84%EF%BC%8C%E9%81%BF%E5%85%8D%E5%A4%96%E5%87%BA%E8%AE%93%E6%82%A8%E6%92%B2%E7%A9%BA%EF%BC%89/data=!4m7!3m6!1s0x3442a9d8c3457e31:0x31e528ead3a7b93e!8m2!3d25.013121!4d121.4546779!16s%2Fg%2F11pzkkvl4j!19sChIJMX5Fw9ipQjQRPrmn0-oo5TE?authuser=0&hl=zh-TW&rclk=1,4.6,5,,https://lh3.googleusercontent.com/gps-cs-s/AG0ilSyvhQbe1Ybny-ZxICjwl6uj1H0ELB2RRh39GVkHfL_ySaep0bp4RMkT8xO1laVWDgSg_JOxAsa1nbSc1WcCj3AA0qdhXis2FIAesLOu-ji74a56Td5HNV_oYOEUBwYorah0X2IN=w80-h106-k-no,æ–°åŒ—å¸‚æ¿æ©‹å€
è’”å¼è§’çª—ï½œä¹¾ç‡¥èŠ±&ç¾Šæ¯›æ°ˆï¼ˆé ç´„åˆ¶ï¼‰,é™½æ˜è¡—27å··12è™Ÿ1æ¨“,https://www.google.com/maps/place/%E8%92%94%E5%BC%8E%E8%A7%92%E7%AA%97%EF%BD%9C%E4%B9%BE%E7%87%A5%E8%8A%B1%26%E7%BE%8A%E6%AF%9B%E6%B0%88%EF%BC%88%E9%A0%90%E7%B4%84%E5%88%B6%EF%BC%89/data=!4m7!3m6!1s0x3442a92d66d2feb7:0xfc74194d7fbb16d0!8m2!3d25.0212088!4d121.4653498!16s%2Fg%2F11gs4skm7h!19sChIJt_7SZi2pQjQR0Ba7f00ZdPw?authuser=0&hl=zh-TW&rclk=1,5,91,,https://lh3.googleusercontent.com/p/AF1QipMvFp4V9DF0S45ARBNtaMJ0vd-iG5kiw0ec9EaL=w80-h106-k-no,æ–°åŒ—å¸‚æ¿æ©‹å€
èŠ±æ£®æ¤ç‰©ç¾å­¸å®¤,æµ·å±±è·¯37è™Ÿ,https://www.google.com/maps/place/%E8%8A%B1%E6%A3%AE%E6%A4%8D%E7%89%A9%E7%BE%8E%E5%AD%B8%E5%AE%A4/data=!4m7!3m6!1s0x3442a9eb94b4bc93:0x111926e15c9ceb4!8m2!3d25.0093848!4d121.4672984!16s%2Fg%2F11j4nyvzby!19sChIJk7y0lOupQjQRtM7JFW6SEQE?authuser=0&hl=zh-TW&rclk=1,4.5,27,02 2951 8431,https://lh3.googleusercontent.com/p/AF1QipN_zYiVeaAcGGA6mJTVUiGpRb47uJTgidcozXk3=w137-h92-k-no,æ–°åŒ—å¸‚æ¿æ©‹å€
CoFlower åŒèŠ±é †èŠ±è—æ•™å®¤ï½œå°åŒ—æ¿æ©‹é®®èŠ±èª²ç¨‹ãƒ»èŠ±ç¦®è¨­è¨ˆ,æ°‘ç”Ÿè·¯äºŒæ®µ234å··11è™Ÿ2æ¨“,https://www.google.com/maps/place/CoFlower+%E5%90%8C%E8%8A%B1%E9%A0%86%E8%8A%B1%E8%97%9D%E6%95%99%E5%AE%A4%EF%BD%9C%E5%8F%B0%E5%8C%97%E6%9D%BF%E6%A9%8B%E9%AE%AE%E8%8A%B1%E8%AA%B2%E7%A8%8B%E3%83%BB%E8%8A%B1%E7%A6%AE%E8%A8%AD%E8%A8%88/data=!4m7!3m6!1s0x3442a962d19e7529:0x710911ff202a54f8!8m2!3d25.0228404!4d121.4686812!16s%2Fg%2F11s61bw_k9!19sChIJKXWe0WKpQjQR-FQqIP8RCXE?authuser=0&hl=zh-TW&rclk=1,4.6,7,,https://lh3.googleusercontent.com/p/AF1QipM7Hi5K6erF4Jz7rCexsz622TRaGzxzGk64C2o=w80-h100-k-no,æ–°åŒ—å¸‚æ¿æ©‹å€
å‘¨æ¯”ç‰¹èŠ±è—Cupid flower,å—è¯è·¯25è™Ÿ,https://www.google.com/maps/place/%E5%91%A8%E6%AF%94%E7%89%B9%E8%8A%B1%E8%97%9DCupid+flower/data=!4m7!3m6!1s0x346803401d51ec1f:0x1b97dd653677dc6c!8m2!3d24.9960065!4d121.5028288!16s%2Fg%2F11vln9ppc0!19sChIJH-xRHUADaDQRbNx3NmXdlxs?authuser=0&hl=zh-TW&rclk=1,4.9,98,0903 117 107,https://lh3.googleusercontent.com/gps-cs-s/AG0ilSyL3YkZBsxXek-lq2OCkaL8FFHtk4Waa1Q8D1usYhrrdzc5gBzfBGBI-643LwYSrXHnmcEWO8Id4CcKTxJBn8H_MVkGYSfxHnfE56N5CuBNoyxpPMS0VyCvkXtfnPko2pfNsaQ6n-f4fAEA=w80-h106-k-no,æ–°åŒ—å¸‚æ¿æ©‹å€
æº«é¦¨èŠ±åŠ,ä¿¡ç¾©è·¯9è™Ÿ1 æ¨“,https://www.google.com/maps/place/%E6%BA%AB%E9%A6%A8%E8%8A%B1%E5%9D%8A/data=!4m7!3m6!1s0x346802ba9e06363f:0x78aba4f9d937242c!8m2!3d24.9968714!4d121.4570823!16s%2Fg%2F11b823t0zm!19sChIJPzYGnroCaDQRLCQ32fmkq3g?authuser=0&hl=zh-TW&rclk=1,4.9,98,02 2963 1890,https://lh3.googleusercontent.com/p/AF1QipMm5GSEN8IaualEls0gRG_lU4_J74-AXQE8G4eb=w91-h92-k-no,æ–°åŒ—å¸‚æ¿æ©‹å€
æš–æ—¥èŠ±è—æ‰€Warmly Florist,å—é–€è¡—73è™Ÿ2 æ¨“,https://www.google.com/maps/place/%E6%9A%96%E6%97%A5%E8%8A%B1%E8%97%9D%E6%89%80Warmly+Florist/data=!4m7!3m6!1s0x34680384b922c069:0xc300455983057963!8m2!3d25.008046!4d121.456834!16s%2Fg%2F11v0gmcwtf!19sChIJacAiuYQDaDQRY3kFg1lFAMM?authuser=0&hl=zh-TW&rclk=1,5,1,,https://streetviewpixels-pa.googleapis.com/v1/thumbnail?panoid=YI1DIn0Br5CcJUXfQFfgLA&cb_client=search.gws-prod.gps&w=80&h=92&yaw=38.049927&pitch=0&thumbfov=100,æ–°åŒ—å¸‚æ¿æ©‹å€
åŸé»èŠ±è—å·¥ä½œå®¤,æ°‘ç”Ÿè¡—35å··1å¼„1è™Ÿ,https://www.google.com/maps/place/%E5%8E%9F%E9%BB%9E%E8%8A%B1%E8%97%9D%E5%B7%A5%E4%BD%9C%E5%AE%A4/data=!4m7!3m6!1s0x3442a90b6d1b8797:0x306cf4e4d3e602de!8m2!3d25.0051986!4d121.4705379!16s%2Fg%2F11gs58qrhn!19sChIJl4cbbQupQjQR3gLm0-T0bDA?authuser=0&hl=zh-TW&rclk=1,4.9,120,02 2959 6667,https://lh3.googleusercontent.com/p/AF1QipOke1WgAK7QrZM4pOQIV05Yr3CiSZnuoNt9jS5S=w80-h106-k-no,æ–°åŒ—å¸‚æ¿æ©‹å€
Giragira Flower 24å°æ™‚è‡ªåŠ©èŠ±åº— æ¿æ©‹èŠ±åº—ï½œæ–°åŒ—èŠ±åº— æ°¸ç”ŸèŠ± é¦™çš‚èŠ± ä¹¾ç‡¥èŠ± æœ‰éŒ¢è›‹ç³• æœ‰éŒ¢èŠ± æƒ…äººç¯€èŠ±æŸ,å››å·è·¯äºŒæ®µ136è™Ÿ,https://www.google.com/maps/place/Giragira+Flower+24%E5%B0%8F%E6%99%82%E8%87%AA%E5%8A%A9%E8%8A%B1%E5%BA%97+%E6%9D%BF%E6%A9%8B%E8%8A%B1%E5%BA%97%EF%BD%9C%E6%96%B0%E5%8C%97%E8%8A%B1%E5%BA%97+%E6%B0%B8%E7%94%9F%E8%8A%B1+%E9%A6%99%E7%9A%82%E8%8A%B1+%E4%B9%BE%E7%87%A5%E8%8A%B1+%E6%9C%89%E9%8C%A2%E8%9B%8B%E7%B3%95+%E6%9C%89%E9%8C%A2%E8%8A%B1+%E6%83%85%E4%BA%BA%E7%AF%80%E8%8A%B1%E6%9D%9F/data=!4m7!3m6!1s0x346803fa6ed37a6b:0x202098b695cc40a5!8m2!3d24.993591!4d121.449912!16s%2Fg%2F11x_rpf61g!19sChIJa3rTbvoDaDQRpUDMlbaYICA?authuser=0&hl=zh-TW&rclk=1,5,140,,https://lh3.googleusercontent.com/p/AF1QipOM3p8dnz4KWA3wS8ME8jmjA6F26XmkvRRPG5xx=w80-h106-k-no,æ–°åŒ—å¸‚æ¿æ©‹å€
æ˜¥é¢¨èŠ±åŠ,ä¸‰æ°‘è·¯äºŒæ®µæ­£éš†å··æ°‘ç”Ÿè·¯ä¸€æ®µ28è™Ÿ1æ¨“,https://www.google.com/maps/place/%E6%98%A5%E9%A2%A8%E8%8A%B1%E5%9D%8A/data=!4m7!3m6!1s0x3442a824f0e2e847:0xad237103d97782be!8m2!3d25.0130107!4d121.4762386!16s%2Fg%2F11g1tb1cq3!19sChIJR-ji8CSoQjQRvoJ32QNxI60?authuser=0&hl=zh-TW&rclk=1,4.7,18,02 2963 5009,https://lh3.googleusercontent.com/gps-cs-s/AG0ilSz3WHxFBWqglQR387wfLQ8LcAhnsvOa9Htcsf2ypjyB1yDtHtsjt4conSebAhpdDFIPlcaorJyqQY8mfnlFUQFkC0NTRorZU3IHkH_05dXSQwSt3aCVfU0sICVu_-cJkfEa50RDdA=w163-h92-k-no,æ–°åŒ—å¸‚æ¿æ©‹å€
åæ²…èŠ±åŠ,æ¿æ–°è·¯34è™Ÿ,https://www.google.com/maps/place/%E5%90%8D%E6%B2%85%E8%8A%B1%E5%9D%8A/data=!4m7!3m6!1s0x3442a8237d1bd6bf:0x4835295075de4cfc!8m2!3d25.0136278!4d121.4741019!16s%2Fg%2F12m98qn45!19sChIJv9YbfSOoQjQR_EzedVApNUg?authuser=0&hl=zh-TW&rclk=1,5,1,02 8964 5318,https://streetviewpixels-pa.googleapis.com/v1/thumbnail?panoid=dxrtX785MiFaC3XI2bFLpQ&cb_client=search.gws-prod.gps&w=80&h=92&yaw=8.401899&pitch=0&thumbfov=100,æ–°åŒ—å¸‚æ¿æ©‹å€
è©©æ¦†èŠ±åŠ,ä¿å¥è·¯19å··3è™Ÿ,https://www.google.com/maps/place/%E8%A9%A9%E6%A6%86%E8%8A%B1%E5%9D%8A/data=!4m7!3m6!1s0x3442a9d8b590c55f:0x75f16ab490e3169!8m2!3d24.9984001!4d121.5081916!16s%2Fg%2F12m95dq11!19sChIJX8WQtdipQjQRaTEOSasWXwc?authuser=0&hl=zh-TW&rclk=1,4.8,142,0933 858 588,https://lh3.googleusercontent.com/gps-cs-s/AG0ilSwoOXuvuztFA5ODZX8iVmGG05xpij0ALOZCT0Sv6STVmdrutu511jGCdWVuG-I9l-5h6dxc10BWCQi945Khwb51bJG52IIybK8PH-yUOrKGSZpIfhht5t2xrvMbmJcZs2WPJx-P=w122-h92-k-no,æ–°åŒ—å¸‚ä¸­å’Œå€
å¤§è§€é®®èŠ±åº—,å¿ å­è·¯å¿ ç¾©å··14å¼„12è™Ÿ,https://www.google.com/maps/place/%E5%A4%A7%E8%A7%80%E9%AE%AE%E8%8A%B1%E5%BA%97/data=!4m7!3m6!1s0x346802a10ae4763b:0xdeba2b033838372b!8m2!3d25.0033565!4d121.4654572!16s%2Fg%2F1pzwkxh_k!19sChIJO3bkCqECaDQRKzc4OAMrut4?authuser=0&hl=zh-TW&rclk=1,5,2,02 2962 2577,https://streetviewpixels-pa.googleapis.com/v1/thumbnail?panoid=d6WwGkweegojHZcmrRFXZQ&cb_client=search.gws-prod.gps&w=80&h=92&yaw=238.0218&pitch=0&thumbfov=100,æ–°åŒ—å¸‚åœŸåŸå€
è¯æé®®èŠ±åŠ,ç“Šæ—è·¯56è™Ÿ,https://www.google.com/maps/place/%E8%8F%AF%E6%9E%9D%E9%AE%AE%E8%8A%B1%E5%9D%8A/data=!4m7!3m6!1s0x3442a7e435e360df:0xa4bbc57c13ad7e32!8m2!3d25.0287716!4d121.4455819!16s%2Fg%2F1pzpjzlbv!19sChIJ32DjNeSnQjQRMn6tE3zFu6Q?authuser=0&hl=zh-TW&rclk=1,5,595,02 2908 1040,https://lh3.googleusercontent.com/p/AF1QipPJJzeYtudGZ0uxIW6WISVLQVWT4InLbQw019Bb=w80-h101-k-no,æ–°åŒ—å¸‚æ–°èŠå€
èŠ±å¦å®¤ Floweroom,ä¸­å’Œè·¯73è™Ÿ,https://www.google.com/maps/place/%E8%8A%B1%E5%A6%9D%E5%AE%A4+Floweroom/data=!4m7!3m6!1s0x3442a910c6eef027:0xb74a99f658412bd8!8m2!3d25.0009134!4d121.5008675!16s%2Fg%2F11stjtqz9d!19sChIJJ_DuxhCpQjQR2CtBWPaZSrc?authuser=0&hl=zh-TW&rclk=1,4.6,50,0978 976 696,https://lh3.googleusercontent.com/p/AF1QipNxs3QLNif0yHf10UtR0yecdRJf7ZagkWIHCvs_=w80-h106-k-no,æ–°åŒ—å¸‚ä¸­å’Œå€
é’é¦™èŠ±è—,æ–‡åŒ–è·¯äºŒæ®µ182å··3å¼„2è™Ÿ,https://www.google.com/maps/place/%E9%9D%92%E9%A6%99%E8%8A%B1%E8%97%9D/data=!4m7!3m6!1s0x3442a84081418209:0x637d01dbcfb70261!8m2!3d25.0271855!4d121.4715499!16s%2Fg%2F12m9lmyy0!19sChIJCYJBgUCoQjQRYQK3z9sBfWM?authuser=0&hl=zh-TW&rclk=1,4.6,13,02 2255 4024,https://lh3.googleusercontent.com/gps-cs-s/AG0ilSyw0_1GmnRVscw42SVN_mSVKGgQ7AG976DmF8PMYFBh2pspStw_Ttpe6ytaXFJjF_IUMsxXLxOb0tbA-mNOoj-z5v6thXF4a3kF19QdAyTNLWKiBT0RKGaoxfc0t_HlRj3WUfhNLg=w80-h106-k-no,æ–°åŒ—å¸‚æ¿æ©‹å€
æ¦†æœå·¥ä½œå®¤ ( æ¦†æœå‚¢é£¾ ),6è™Ÿ è¬å¯§è¡—23å··,https://www.google.com/maps/place/%E6%A6%86%E6%9E%9C%E5%B7%A5%E4%BD%9C%E5%AE%A4+%28+%E6%A6%86%E6%9E%9C%E5%82%A2%E9%A3%BE+%29/data=!4m7!3m6!1s0x346801e3e33aa5fb:0x670749f9f628f99d!8m2!3d25.003796!4d121.564622!16s%2Fg%2F11c0vlwkwl!19sChIJ-6U64-MBaDQRnfko9vlJB2c?authuser=0&hl=zh-TW&rclk=1,4.7,9,02 2345 5899,https://lh3.googleusercontent.com/p/AF1QipPjo4XAvD0ab-Afee9RLtoW2TkYd9ScxBUqaIj7=w160-h184-p-k-no,å°åŒ—å¸‚æ–‡å±±å€
èŠ±ç”°èŠ±è—ç²¾å“ååº—,å’Œå¹³è·¯92è™Ÿ,https://www.google.com/maps/place/%E8%8A%B1%E7%94%B0%E8%8A%B1%E8%97%9D%E7%B2%BE%E5%93%81%E5%90%8D%E5%BA%97/data=!4m7!3m6!1s0x346802a6e670e5a5:0xb9388403904d6d4d!8m2!3d24.9946575!4d121.4618478!16s%2Fg%2F11c208t6tn!19sChIJpeVw5qYCaDQRTW1NkAOEOLk?authuser=0&hl=zh-TW&rclk=1,4.9,14,02 8952 3798,https://lh3.googleusercontent.com/p/AF1QipOJM1-DoiMWchp0Ad4081JAg1BkPl73fNWMKVFu=w122-h92-k-no,æ–°åŒ—å¸‚ä¸­å’Œå€
ç´«é›²èŠ±è—,æ–‡åŒ–è·¯äºŒæ®µ182å··13è™Ÿ,https://www.google.com/maps/place/%E7%B4%AB%E9%9B%B2%E8%8A%B1%E8%97%9D/data=!4m7!3m6!1s0x3442a8409d782dcb:0x22adfe06577a2b6f!8m2!3d25.0267758!4d121.4722457!16s%2Fg%2F12m9g2sxc!19sChIJyy14nUCoQjQRbyt6Vwb-rSI?authuser=0&hl=zh-TW&rclk=1,4.7,51,02 2251 9652,https://lh3.googleusercontent.com/gps-cs-s/AG0ilSwai01tbGGypS-q0juDNCKGzZd5hM7qPuyNBta9l_j47IwxMnrFiFgawGNFBLacSjqnniPfjaiHPFvr32NTubTt5ctXqmm10koaZVoTEhYuE7UlfrJYWDQhPjBVWOqkbM4XUuw=w87-h92-k-no,æ–°åŒ—å¸‚æ¿æ©‹å€
èŠ¬é™€åˆ©èŠ±è‹‘(ä¸­å’Œåº—),æ™¯æ–°è¡—326è™Ÿ,https://www.google.com/maps/place/%E8%8A%AC%E9%99%80%E5%88%A9%E8%8A%B1%E8%8B%91%28%E4%B8%AD%E5%92%8C%E5%BA%97%29/data=!4m7!3m6!1s0x346802748237c09b:0x21ea5e16aa98c86c!8m2!3d24.9911145!4d121.5118039!16s%2Fg%2F12m8zvtgg!19sChIJm8A3gnQCaDQRbMiYqhZe6iE?authuser=0&hl=zh-TW&rclk=1,4.7,615,02 2948 2555,https://lh3.googleusercontent.com/p/AF1QipOkXq3s5jo9jP3HJUUXKRlt2nufWTuugOMRqwLf=w137-h92-k-no,æ–°åŒ—å¸‚ä¸­å’Œå€
SUNNYLILY FLOWER å°šå¦®è‰è‰èŠ±è‹‘,ä¸­æ­£è·¯30è™Ÿ,https://www.google.com/maps/place/SUNNYLILY+FLOWER+%E5%B0%9A%E5%A6%AE%E8%8E%89%E8%8E%89%E8%8A%B1%E8%8B%91/data=!4m7!3m6!1s0x346803b73089e06d:0x75a26c36840b4d4e!8m2!3d24.994048!4d121.5129601!16s%2Fg%2F11vj97d_ys!19sChIJbeCJMLcDaDQRTk0LhDZsonU?authuser=0&hl=zh-TW&rclk=1,5,340,02 8668 8286,https://lh3.googleusercontent.com/p/AF1QipMfiFleCKvQHxSlcN-PDuJIfaXeo-qUbDkLelPm=w80-h106-k-no,æ–°åŒ—å¸‚æ¿æ©‹å€
èŠ±è¦‹é¾æƒ…èŠ±åŠ,è£•æ°‘è·¯160å··5è™Ÿ,https://www.google.com/maps/place/%E8%8A%B1%E8%A6%8B%E9%8D%BE%E6%83%85%E8%8A%B1%E5%9D%8A/data=!4m7!3m6!1s0x346802c968abb7fd:0x8cd8aab127ffb66c!8m2!3d24.9853718!4d121.4520489!16s%2Fg%2F11dyzcj_k5!19sChIJ_beraMkCaDQRbLb_J7Gq2Iw?authuser=0&hl=zh-TW&rclk=1,5,49,0973 856 968,https://lh3.googleusercontent.com/gps-cs-s/AG0ilSy6LtZ6pucUNgo9bBoQxgL-KBBgUWgozIVSmN0H8Y8jiIWTleDlIPpbL_tBe8Mm-yYc_dk8p7bG9l14qtxBnWCnNlmVDmQ3RWaz00uyk5j9IWTW_o1RZMMzuivP2UdqIjh2JNUe=w80-h106-k-no,æ–°åŒ—å¸‚åœŸåŸå€
Millieç±³è‰èŠ±è—åŠ,é‡‘åŸè·¯ä¸‰æ®µ14è™ŸB1F-1,https://www.google.com/maps/place/Millie%E7%B1%B3%E8%8E%89%E8%8A%B1%E8%97%9D%E5%9D%8A/data=!4m7!3m6!1s0xa8c70c6deb9d088b:0x95f5bd7f32d39e72!8m2!3d24.986109!4d121.4650714!16s%2Fg%2F11khtc5666!19sChIJiwid620Mx6gRcp7TMn-99ZU?authuser=0&hl=zh-TW&rclk=1,5,34,0922 612 155,https://lh3.googleusercontent.com/p/AF1QipMeNbbKotrJJA7pdTYQ8BBDH9iHvclK_swVEuKe=w80-h106-k-no,æ–°åŒ—å¸‚åœŸåŸå€
æœçŸ³èŠ±æˆ¿,ä¸­æ­£è·¯636è™Ÿ,https://www.google.com/maps/place/%E6%9E%9C%E7%9F%B3%E8%8A%B1%E6%88%BF/data=!4m7!3m6!1s0x3442a9e8ff421937:0xc93fc66e560be395!8m2!3d25.0081701!4d121.5170107!16s%2Fg%2F12ll7hzk1!19sChIJNxlC_-ipQjQRleMLVm7GP8k?authuser=0&hl=zh-TW&rclk=1,4.7,286,02 2929 5086,https://lh3.googleusercontent.com/gps-cs-s/AG0ilSyQefHbw_zo-cIxotXhSiD1X7OkENTnvuWGOzbx_uiTmd7kDwc9G_wCRG2P-raYkrI_1WllAuSCBjdPYzoMRSVEc4JfVMi2wUoksgwyF0-yG5FkemzhaL_3c4gBt4a-oMVmsmdADg=w163-h92-k-no,æ–°åŒ—å¸‚æ¿æ©‹å€
first_fifteenth floweråˆä¸€æ‹¾ä¼èŠ±åŠ,å’Œå¹³è¡—112è™Ÿ,https://www.google.com/maps/place/first_fifteenth+flower%E5%88%9D%E4%B8%80%E6%8B%BE%E4%BC%8D%E8%8A%B1%E5%9D%8A/data=!4m7!3m6!1s0x346803f8d3458cf5:0x8bf74c09d9db7b07!8m2!3d24.9915074!4d121.5071013!16s%2Fg%2F11h7k63ws2!19sChIJ9YxF0_gDaDQRB3vb2QlM94s?authuser=0&hl=zh-TW&rclk=1,4.9,222,0927 144 362,https://lh3.googleusercontent.com/p/AF1QipO_5yKTZTlxJ2XCngVpzUeZdfC13Z0YNAo2sFNh=w163-h92-k-no,æ–°åŒ—å¸‚ä¸­å’Œå€
è—ç¦é®®èŠ±åº—,å“¡å±±è·¯153ä¹‹1è™Ÿ,https://www.google.com/maps/place/%E8%97%9D%E7%90%A6%E9%AE%AE%E8%8A%B1%E5%BA%97/data=!4m7!3m6!1s0x34680284c39a649f:0xc728d3bae5525432!8m2!3d24.9964201!4d121.481017!16s%2Fg%2F12m95vd1c!19sChIJn2Saw4QCaDQRMlRS5brTKMc?authuser=0&hl=zh-TW&rclk=1,4.3,10,02 2222 1478,https://lh3.googleusercontent.com/gps-cs-s/AG0ilSzTbBQQkjIjh-ashAqJbW0ioGwCANYgYCcCe3-AmqFbZmardR-GdmyN6Qkigf2OPAOLczkd53lgcl7qQ3Zmt_E6sB2ZN8g4CbzXyKLeWE37lpsJnuMEqU9yy8gK9uDDpfHoBUjL=w163-h92-k-no,æ–°åŒ—å¸‚ä¸­å’Œå€
ç›¸ç´„èŠ±åŒ (ç›¸ç´„èŠ±è‹‘/èŠ±åŒ å·¥åŠ)ï¼†ç¾å£é¬†é¤…,å—å±±è·¯81å··6è™Ÿ,https://www.google.com/maps/place/%E7%9B%B8%E7%B4%84%E8%8A%B1%E5%8C%A0%28%E7%9B%B8%E7%B4%84%E8%8A%B1%E8%8B%91%2F%E8%8A%B1%E5%8C%A0%E5%B7%A5%E5%9D%8A%29%EF%BC%86%E7%BE%8E%E5%8F%A3%E9%AC%86%E9%A4%85/data=!4m7!3m6!1s0x34680314a5484c45:0xbeb24a67cd974727!8m2!3d24.997921!4d121.5024252!16s%2Fg%2F11rqyvbj0v!19sChIJRUxIpRQDaDQRJ0eXzWdKsr4?authuser=0&hl=zh-TW&rclk=1,4.8,66,02 8245 8282,https://lh3.googleusercontent.com/gps-cs-s/AG0ilSz3YiKLZmP0uCrTZfz01S9BRMLCIqFK5ABPlJtzJTBJtkP7vpN2ny9-aSZYgFNH7VgGgjgSW8vqXE6HR8_trWSCuMWTEIpENWaB8At_5x_wMQWWeqbqBdZ5RmByQpwIlY-hCm7vmg=w80-h142-k-no,æ–°åŒ—å¸‚ä¸­å’Œå€
Bon Bon Flower ä¸å‡‹èŠ±å·¥ä½œå®¤ï¼ˆé ç´„åˆ¶å·¥ä½œå®¤ï¼‰,æ–‡åŒ–è·¯ä¸€æ®µ368è™Ÿ,https://www.google.com/maps/place/Bon+Bon+Flower+%E4%B8%8D%E5%87%8B%E8%8A%B1%E5%B7%A5%E4%BD%9C%E5%AE%A4%EF%BC%88%E9%A0%90%E7%B4%84%E5%88%B6%E5%B7%A5%E4%BD%9C%E5%AE%A4%EF%BC%89/data=!4m7!3m6!1s0x3442a91fb56ff329:0x27b5e9f2ed80fd13!8m2!3d25.023546!4d121.4686545!16s%2Fg%2F11sm9xtxgs!19sChIJKfNvtR-pQjQRE_2A7fLptSc?authuser=0&hl=zh-TW&rclk=1,5,6,0979 846 117,https://lh3.googleusercontent.com/gps-cs-s/AG0ilSzmRo94SdFdbt6zype2RF7h9eA82orS85p-W-75xaIP2AITrZ2YviaObmt17W-NPDjo-40E9iOHnfAAHh4b4prFOnBbE9kEe3xAcyuovabPtDmOP_deLEf7KAdc86YVxCQGA3yW=w163-h92-k-no,æ–°åŒ—å¸‚æ¿æ©‹å€
éº—çš„èŠ±åŠå·¥ä½œå®¤,å»¶å’Œè·¯105å··5å¼„12è™Ÿ,https://www.google.com/maps/place/%E9%BA%97%E7%9A%84%E8%8A%B1%E5%9D%8A%E5%B7%A5%E4%BD%9C%E5%AE%A4/data=!4m7!3m6!1s0x346802bdec1eebe7:0x3800ff87c19127db!8m2!3d24.9911915!4d121.4667411!16s%2Fg%2F1pzw582g1!19sChIJ5-se7L0CaDQR2yeRwYf_ADg?authuser=0&hl=zh-TW&rclk=1,4.8,10,0922 306 886,https://lh3.googleusercontent.com/p/AF1QipOP_e4Dw3aMVTItUEdIKqShvJ5xGhvFvoajPuA9=w80-h119-k-no,æ–°åŒ—å¸‚æ°¸å’Œå€
